column_names,genotyping,meta,weather,ec,soil
Env,TRUE,TRUE,TRUE,TRUE,TRUE
Hybrid,TRUE,FALSE,FALSE,FALSE,FALSE
Yield_Mg_ha,TRUE,FALSE,FALSE,FALSE,FALSE
PRS200,TRUE,FALSE,FALSE,FALSE,FALSE
PRS100,TRUE,FALSE,FALSE,FALSE,FALSE
PRS50,TRUE,FALSE,FALSE,FALSE,FALSE
PRS10,TRUE,FALSE,FALSE,FALSE,FALSE
Treatment,FALSE,TRUE,FALSE,FALSE,FALSE
Latitude_of_Field_Corner_#1 (lower left),FALSE,TRUE,FALSE,FALSE,FALSE
Longitude_of_Field_Corner_#1 (lower left),FALSE,TRUE,FALSE,FALSE,FALSE
T2M_MAX__ratio_beyond_r_sigma__r_1.5,FALSE,FALSE,TRUE,FALSE,FALSE
T2M_MAX__ratio_beyond_r_sigma__r_0.5,FALSE,FALSE,TRUE,FALSE,FALSE
ALLSKY_SFC_SW_DNI__ratio_beyond_r_sigma__r_2,FALSE,FALSE,TRUE,FALSE,FALSE
T2M_MAX__ar_coefficient__coeff_0__k_10,FALSE,FALSE,TRUE,FALSE,FALSE
ALLSKY_SFC_SW_DNI__c3__lag_1,FALSE,FALSE,TRUE,FALSE,FALSE
T2M_MAX__median,FALSE,FALSE,TRUE,FALSE,FALSE
T2M_MAX__energy_ratio_by_chunks__num_segments_10__segment_focus_8,FALSE,FALSE,TRUE,FALSE,FALSE
"ALLSKY_SFC_PAR_TOT__cwt_coefficients__coeff_13__w_10__widths_(2, 5, 10, 20)",FALSE,FALSE,TRUE,FALSE,FALSE
T2M__benford_correlation,FALSE,FALSE,TRUE,FALSE,FALSE
"T2M_MAX__agg_autocorrelation__f_agg_""""mean""""__maxlag_40",FALSE,FALSE,TRUE,FALSE,FALSE
GWETTOP__permutation_entropy__dimension_3__tau_1,FALSE,FALSE,TRUE,FALSE,FALSE
"T2M__agg_linear_trend__attr_""""intercept""""__chunk_len_50__f_agg_""""min""""",FALSE,FALSE,TRUE,FALSE,FALSE
"PS__agg_linear_trend__attr_""""stderr""""__chunk_len_5__f_agg_""""min""""",FALSE,FALSE,TRUE,FALSE,FALSE
T2M_MIN__max_langevin_fixed_point__m_3__r_30,FALSE,FALSE,TRUE,FALSE,FALSE
T2M_MAX__approximate_entropy__m_2__r_0.5,FALSE,FALSE,TRUE,FALSE,FALSE
"ALLSKY_SFC_SW_DNI__change_quantiles__f_agg_""""var""""__isabs_False__qh_0.4__ql_0.2",FALSE,FALSE,TRUE,FALSE,FALSE
T2M_MAX__absolute_maximum,FALSE,FALSE,TRUE,FALSE,FALSE
"ALLSKY_SFC_SW_DWN__change_quantiles__f_agg_""""var""""__isabs_True__qh_0.2__ql_0.0",FALSE,FALSE,TRUE,FALSE,FALSE
ALLSKY_SFC_SW_DWN__index_mass_quantile__q_0.8,FALSE,FALSE,TRUE,FALSE,FALSE
"ALLSKY_SFC_PAR_TOT__agg_linear_trend__attr_""""intercept""""__chunk_len_50__f_agg_""""mean""""",FALSE,FALSE,TRUE,FALSE,FALSE
ALLSKY_SFC_SW_DNI__quantile__q_0.1,FALSE,FALSE,TRUE,FALSE,FALSE
QV2M__binned_entropy__max_bins_10,FALSE,FALSE,TRUE,FALSE,FALSE
"ALLSKY_SFC_SW_DNI__agg_linear_trend__attr_""""stderr""""__chunk_len_10__f_agg_""""max""""",FALSE,FALSE,TRUE,FALSE,FALSE
"T2M_MIN__fft_coefficient__attr_""""abs""""__coeff_4",FALSE,FALSE,TRUE,FALSE,FALSE
ALLSKY_SFC_SW_DNI__energy_ratio_by_chunks__num_segments_10__segment_focus_8,FALSE,FALSE,TRUE,FALSE,FALSE
"PS__agg_linear_trend__attr_""""intercept""""__chunk_len_5__f_agg_""""var""""",FALSE,FALSE,TRUE,FALSE,FALSE
T2M__autocorrelation__lag_3,FALSE,FALSE,TRUE,FALSE,FALSE
"ALLSKY_SFC_SW_DNI__change_quantiles__f_agg_""""var""""__isabs_False__qh_1.0__ql_0.8",FALSE,FALSE,TRUE,FALSE,FALSE
"T2M_MAX__change_quantiles__f_agg_""""var""""__isabs_False__qh_0.6__ql_0.4",FALSE,FALSE,TRUE,FALSE,FALSE
"WS2M__agg_linear_trend__attr_""""intercept""""__chunk_len_50__f_agg_""""var""""",FALSE,FALSE,TRUE,FALSE,FALSE
"T2MWET__agg_autocorrelation__f_agg_""""median""""__maxlag_40",FALSE,FALSE,TRUE,FALSE,FALSE
T2M_MIN__benford_correlation,FALSE,FALSE,TRUE,FALSE,FALSE
"GWETTOP__change_quantiles__f_agg_""""mean""""__isabs_True__qh_1.0__ql_0.2",FALSE,FALSE,TRUE,FALSE,FALSE
ALLSKY_SFC_SW_DNI__sum_of_reoccurring_values,FALSE,FALSE,TRUE,FALSE,FALSE
ALLSKY_SFC_SW_DNI__lempel_ziv_complexity__bins_5,FALSE,FALSE,TRUE,FALSE,FALSE
"ALLSKY_SFC_PAR_TOT__fft_aggregated__aggtype_""""skew""""",FALSE,FALSE,TRUE,FALSE,FALSE
"GWETTOP__agg_linear_trend__attr_""""stderr""""__chunk_len_10__f_agg_""""var""""",FALSE,FALSE,TRUE,FALSE,FALSE
"PS__change_quantiles__f_agg_""""var""""__isabs_True__qh_0.6__ql_0.2",FALSE,FALSE,TRUE,FALSE,FALSE
PS__ratio_value_number_to_time_series_length,FALSE,FALSE,TRUE,FALSE,FALSE
"ALLSKY_SFC_SW_DWN__change_quantiles__f_agg_""""mean""""__isabs_True__qh_0.8__ql_0.2",FALSE,FALSE,TRUE,FALSE,FALSE
"WS2M__agg_linear_trend__attr_""""slope""""__chunk_len_50__f_agg_""""var""""",FALSE,FALSE,TRUE,FALSE,FALSE
T2M__max_langevin_fixed_point__m_3__r_30,FALSE,FALSE,TRUE,FALSE,FALSE
RH2M__permutation_entropy__dimension_5__tau_1,FALSE,FALSE,TRUE,FALSE,FALSE
"T2M__fft_coefficient__attr_""""abs""""__coeff_1",FALSE,FALSE,TRUE,FALSE,FALSE
"QV2M__agg_linear_trend__attr_""""stderr""""__chunk_len_50__f_agg_""""max""""",FALSE,FALSE,TRUE,FALSE,FALSE
RH2M__quantile__q_0.8,FALSE,FALSE,TRUE,FALSE,FALSE
"T2MDEW__change_quantiles__f_agg_""""var""""__isabs_True__qh_0.8__ql_0.6",FALSE,FALSE,TRUE,FALSE,FALSE
"PS__change_quantiles__f_agg_""""var""""__isabs_False__qh_0.8__ql_0.4",FALSE,FALSE,TRUE,FALSE,FALSE
"ALLSKY_SFC_SW_DWN__fft_coefficient__attr_""""abs""""__coeff_57",FALSE,FALSE,TRUE,FALSE,FALSE
"PS__agg_linear_trend__attr_""""intercept""""__chunk_len_50__f_agg_""""var""""",FALSE,FALSE,TRUE,FALSE,FALSE
"T2M_MAX__agg_linear_trend__attr_""""stderr""""__chunk_len_50__f_agg_""""max""""",FALSE,FALSE,TRUE,FALSE,FALSE
"PS__fft_coefficient__attr_""""angle""""__coeff_2",FALSE,FALSE,TRUE,FALSE,FALSE
"ALLSKY_SFC_PAR_TOT__change_quantiles__f_agg_""""var""""__isabs_True__qh_1.0__ql_0.2",FALSE,FALSE,TRUE,FALSE,FALSE
"ALLSKY_SFC_PAR_TOT__agg_linear_trend__attr_""""intercept""""__chunk_len_50__f_agg_""""min""""",FALSE,FALSE,TRUE,FALSE,FALSE
"PS__change_quantiles__f_agg_""""var""""__isabs_False__qh_1.0__ql_0.0",FALSE,FALSE,TRUE,FALSE,FALSE
ALLSKY_SFC_SW_DNI__index_mass_quantile__q_0.7,FALSE,FALSE,TRUE,FALSE,FALSE
"T2M_MAX__fft_coefficient__attr_""""real""""__coeff_43",FALSE,FALSE,TRUE,FALSE,FALSE
"T2MWET__agg_linear_trend__attr_""""intercept""""__chunk_len_50__f_agg_""""var""""",FALSE,FALSE,TRUE,FALSE,FALSE
"GWETTOP__fft_coefficient__attr_""""abs""""__coeff_65",FALSE,FALSE,TRUE,FALSE,FALSE
PS__lempel_ziv_complexity__bins_5,FALSE,FALSE,TRUE,FALSE,FALSE
"T2MWET__change_quantiles__f_agg_""""var""""__isabs_False__qh_0.6__ql_0.4",FALSE,FALSE,TRUE,FALSE,FALSE
"ALLSKY_SFC_SW_DNI__fft_aggregated__aggtype_""""centroid""""",FALSE,FALSE,TRUE,FALSE,FALSE
ALLSKY_SFC_SW_DNI__ar_coefficient__coeff_0__k_10,FALSE,FALSE,TRUE,FALSE,FALSE
"ALLSKY_SFC_PAR_TOT__change_quantiles__f_agg_""""mean""""__isabs_True__qh_1.0__ql_0.8",FALSE,FALSE,TRUE,FALSE,FALSE
"QV2M__change_quantiles__f_agg_""""var""""__isabs_False__qh_0.4__ql_0.2",FALSE,FALSE,TRUE,FALSE,FALSE
"T2M_MIN__change_quantiles__f_agg_""""var""""__isabs_True__qh_1.0__ql_0.4",FALSE,FALSE,TRUE,FALSE,FALSE
T2M__lempel_ziv_complexity__bins_3,FALSE,FALSE,TRUE,FALSE,FALSE
TT_pStGEnG,FALSE,FALSE,FALSE,TRUE,FALSE
SWmm_pGerEme_10,FALSE,FALSE,FALSE,TRUE,FALSE
TT_pFlaFlw,FALSE,FALSE,FALSE,TRUE,FALSE
Eos_pStGEnG,FALSE,FALSE,FALSE,TRUE,FALSE
Flow_pStGEnG_1,FALSE,FALSE,FALSE,TRUE,FALSE
yield_pEnGMat,FALSE,FALSE,FALSE,TRUE,FALSE
AccumulatedTT_pEmeEnJ,FALSE,FALSE,FALSE,TRUE,FALSE
ESW_pGerEme_10,FALSE,FALSE,FALSE,TRUE,FALSE
T_pStGEnG,FALSE,FALSE,FALSE,TRUE,FALSE
Eos_pEnGMat,FALSE,FALSE,FALSE,TRUE,FALSE
Eos_pFlwStG,FALSE,FALSE,FALSE,TRUE,FALSE
SWmm_pGerEme_6,FALSE,FALSE,FALSE,TRUE,FALSE
SDR_pStGEnG_1,FALSE,FALSE,FALSE,TRUE,FALSE
TT_pEnGMat,FALSE,FALSE,FALSE,TRUE,FALSE
Flow_pMatHar_6,FALSE,FALSE,FALSE,TRUE,FALSE
LAI_pFlwStG,FALSE,FALSE,FALSE,TRUE,FALSE
Es_pStGEnG,FALSE,FALSE,FALSE,TRUE,FALSE
Flow_pFlwStG_7,FALSE,FALSE,FALSE,TRUE,FALSE
Flux_pGerEme_10,FALSE,FALSE,FALSE,TRUE,FALSE
ESW_pGerEme_9,FALSE,FALSE,FALSE,TRUE,FALSE
FlowNO3_pFlaFlw_7,FALSE,FALSE,FALSE,TRUE,FALSE
Flow_pStGEnG_2,FALSE,FALSE,FALSE,TRUE,FALSE
Flow_pMatHar_7,FALSE,FALSE,FALSE,TRUE,FALSE
Flow_pFlaFlw_7,FALSE,FALSE,FALSE,TRUE,FALSE
AccumulatedTT_pFlwStG,FALSE,FALSE,FALSE,TRUE,FALSE
Eo_pMatHar,FALSE,FALSE,FALSE,TRUE,FALSE
Flow_pFlaFlw_6,FALSE,FALSE,FALSE,TRUE,FALSE
ESW_pFlwStG_9,FALSE,FALSE,FALSE,TRUE,FALSE
SDR_pEnGMat_2,FALSE,FALSE,FALSE,TRUE,FALSE
SDR_pEnJFlo_10,FALSE,FALSE,FALSE,TRUE,FALSE
Eo_pFlaFlw,FALSE,FALSE,FALSE,TRUE,FALSE
FlowNO3_pEnGMat_6,FALSE,FALSE,FALSE,TRUE,FALSE
T_pFloFla,FALSE,FALSE,FALSE,TRUE,FALSE
FlowNO3_pFlwStG_6,FALSE,FALSE,FALSE,TRUE,FALSE
Flux_pEnJFlo_10,FALSE,FALSE,FALSE,TRUE,FALSE
FlowNO3_pEmeEnJ_10,FALSE,FALSE,FALSE,TRUE,FALSE
SDR_pGerEme_9,FALSE,FALSE,FALSE,TRUE,FALSE
Flow_pEnGMat_2,FALSE,FALSE,FALSE,TRUE,FALSE
SDR_pEmeEnJ_9,FALSE,FALSE,FALSE,TRUE,FALSE
PAWmm_pGerEme_2,FALSE,FALSE,FALSE,TRUE,FALSE
SWmm_pFlaFlw_10,FALSE,FALSE,FALSE,TRUE,FALSE
Flow_pStGEnG_6,FALSE,FALSE,FALSE,TRUE,FALSE
biomass_pFlwStG,FALSE,FALSE,FALSE,TRUE,FALSE
Es_pFlwStG,FALSE,FALSE,FALSE,TRUE,FALSE
yield_pFlaFlw,FALSE,FALSE,FALSE,TRUE,FALSE
ESW_pMatHar_8,FALSE,FALSE,FALSE,TRUE,FALSE
TT_pFloFla,FALSE,FALSE,FALSE,TRUE,FALSE
Flux_pEnJFlo_1,FALSE,FALSE,FALSE,TRUE,FALSE
PAWmm_pGerEme_7,FALSE,FALSE,FALSE,TRUE,FALSE
FlowNO3_pStGEnG_7,FALSE,FALSE,FALSE,TRUE,FALSE
Flux_pFlaFlw_6,FALSE,FALSE,FALSE,TRUE,FALSE
Flow_pGerEme_4,FALSE,FALSE,FALSE,TRUE,FALSE
PAWmm_pFloFla_1,FALSE,FALSE,FALSE,TRUE,FALSE
SWmm_pFlwStG_4,FALSE,FALSE,FALSE,TRUE,FALSE
SDR_pMatHar_1,FALSE,FALSE,FALSE,TRUE,FALSE
ESW_pEmeEnJ_4,FALSE,FALSE,FALSE,TRUE,FALSE
SDR_pFlaFlw_9,FALSE,FALSE,FALSE,TRUE,FALSE
PAWmm_pEnGMat_2,FALSE,FALSE,FALSE,TRUE,FALSE
PAWmm_pMatHar_1,FALSE,FALSE,FALSE,TRUE,FALSE
Flow_pFlwStG_8,FALSE,FALSE,FALSE,TRUE,FALSE
Flux_pEnGMat_8,FALSE,FALSE,FALSE,TRUE,FALSE
SDR_pGerEme_3,FALSE,FALSE,FALSE,TRUE,FALSE
T_pGerEme,FALSE,FALSE,FALSE,TRUE,FALSE
Flow_pEnJFlo_4,FALSE,FALSE,FALSE,TRUE,FALSE
TT_pEmeEnJ,FALSE,FALSE,FALSE,TRUE,FALSE
Flux_pEnJFlo_3,FALSE,FALSE,FALSE,TRUE,FALSE
SDR_pFlaFlw_1,FALSE,FALSE,FALSE,TRUE,FALSE
SDR_pEnJFlo_8,FALSE,FALSE,FALSE,TRUE,FALSE
Es_pFlaFlw,FALSE,FALSE,FALSE,TRUE,FALSE
Flow_pEnJFlo_1,FALSE,FALSE,FALSE,TRUE,FALSE
Flow_pEnGMat_1,FALSE,FALSE,FALSE,TRUE,FALSE
Infiltration_pFloFla,FALSE,FALSE,FALSE,TRUE,FALSE
Runoff_pEmeEnJ,FALSE,FALSE,FALSE,TRUE,FALSE
Eo_pFloFla,FALSE,FALSE,FALSE,TRUE,FALSE
SDR_pEmeEnJ_7,FALSE,FALSE,FALSE,TRUE,FALSE
PAWmm_pStGEnG_2,FALSE,FALSE,FALSE,TRUE,FALSE
FlowNO3_pEnJFlo_2,FALSE,FALSE,FALSE,TRUE,FALSE
T_pEnJFlo,FALSE,FALSE,FALSE,TRUE,FALSE
SDR_pFlaFlw_4,FALSE,FALSE,FALSE,TRUE,FALSE
Flow_pFloFla_7,FALSE,FALSE,FALSE,TRUE,FALSE
Flow_pStGEnG_3,FALSE,FALSE,FALSE,TRUE,FALSE
TT_pGerEme,FALSE,FALSE,FALSE,TRUE,FALSE
Flow_pMatHar_3,FALSE,FALSE,FALSE,TRUE,FALSE
Flow_pEnJFlo_7,FALSE,FALSE,FALSE,TRUE,FALSE
Flux_pFloFla_10,FALSE,FALSE,FALSE,TRUE,FALSE
Flow_pEmeEnJ_1,FALSE,FALSE,FALSE,TRUE,FALSE
T_pMatHar,FALSE,FALSE,FALSE,TRUE,FALSE
FlowNO3_pEnGMat_2,FALSE,FALSE,FALSE,TRUE,FALSE
SDR_pFlwStG_1,FALSE,FALSE,FALSE,TRUE,FALSE
T_pFlaFlw,FALSE,FALSE,FALSE,TRUE,FALSE
Flow_pFlaFlw_1,FALSE,FALSE,FALSE,TRUE,FALSE
SDR_pEmeEnJ_3,FALSE,FALSE,FALSE,TRUE,FALSE
Flow_pGerEme_9,FALSE,FALSE,FALSE,TRUE,FALSE
Es_pEnJFlo,FALSE,FALSE,FALSE,TRUE,FALSE
WaterTable_pFloFla,FALSE,FALSE,FALSE,TRUE,FALSE
Flow_pFlaFlw_8,FALSE,FALSE,FALSE,TRUE,FALSE
Es_pMatHar,FALSE,FALSE,FALSE,TRUE,FALSE
Runoff_pStGEnG,FALSE,FALSE,FALSE,TRUE,FALSE
T_pFlwStG,FALSE,FALSE,FALSE,TRUE,FALSE
Eos_pFloFla,FALSE,FALSE,FALSE,TRUE,FALSE
T_pEmeEnJ,FALSE,FALSE,FALSE,TRUE,FALSE
Flow_pEmeEnJ_9,FALSE,FALSE,FALSE,TRUE,FALSE
FlowNO3_pGerEme_4,FALSE,FALSE,FALSE,TRUE,FALSE
WaterTable_pMatHar,FALSE,FALSE,FALSE,TRUE,FALSE
SWmm_pEnJFlo_2,FALSE,FALSE,FALSE,TRUE,FALSE
FlowNO3_pGerEme_9,FALSE,FALSE,FALSE,TRUE,FALSE
SDR_pMatHar_9,FALSE,FALSE,FALSE,TRUE,FALSE
SDR_pStGEnG_6,FALSE,FALSE,FALSE,TRUE,FALSE
Flux_pStGEnG_8,FALSE,FALSE,FALSE,TRUE,FALSE
SDR_pMatHar_6,FALSE,FALSE,FALSE,TRUE,FALSE
FlowNO3_pFloFla_10,FALSE,FALSE,FALSE,TRUE,FALSE
Flux_pEnGMat_7,FALSE,FALSE,FALSE,TRUE,FALSE
Flow_pEmeEnJ_5,FALSE,FALSE,FALSE,TRUE,FALSE
Flux_pEmeEnJ_2,FALSE,FALSE,FALSE,TRUE,FALSE
Flux_pEnJFlo_8,FALSE,FALSE,FALSE,TRUE,FALSE
Flow_pEnJFlo_3,FALSE,FALSE,FALSE,TRUE,FALSE
SDR_pStGEnG_4,FALSE,FALSE,FALSE,TRUE,FALSE
SDR_pFloFla_8,FALSE,FALSE,FALSE,TRUE,FALSE
FlowNO3_pFloFla_1,FALSE,FALSE,FALSE,TRUE,FALSE
Flow_pFlwStG_1,FALSE,FALSE,FALSE,TRUE,FALSE
Es_pGerEme,FALSE,FALSE,FALSE,TRUE,FALSE
Flow_pFloFla_4,FALSE,FALSE,FALSE,TRUE,FALSE
SDR_pEnGMat_9,FALSE,FALSE,FALSE,TRUE,FALSE
FlowNO3_pEnGMat_1,FALSE,FALSE,FALSE,TRUE,FALSE
Flow_pFlwStG_3,FALSE,FALSE,FALSE,TRUE,FALSE
Eos_pEnJFlo,FALSE,FALSE,FALSE,TRUE,FALSE
FlowNO3_pFloFla_5,FALSE,FALSE,FALSE,TRUE,FALSE
Flux_pFlwStG_2,FALSE,FALSE,FALSE,TRUE,FALSE
Flow_pFloFla_3,FALSE,FALSE,FALSE,TRUE,FALSE
Flux_pFlaFlw_9,FALSE,FALSE,FALSE,TRUE,FALSE
Flux_pGerEme_3,FALSE,FALSE,FALSE,TRUE,FALSE
FlowNO3_pEnGMat_9,FALSE,FALSE,FALSE,TRUE,FALSE
FlowNO3_pEmeEnJ_2,FALSE,FALSE,FALSE,TRUE,FALSE
Flow_pGerEme_5,FALSE,FALSE,FALSE,TRUE,FALSE
Runoff_pMatHar,FALSE,FALSE,FALSE,TRUE,FALSE
Flow_pGerEme_1,FALSE,FALSE,FALSE,TRUE,FALSE
ESW_pFloFla_4,FALSE,FALSE,FALSE,TRUE,FALSE
Flow_pEmeEnJ_7,FALSE,FALSE,FALSE,TRUE,FALSE
FlowNO3_pMatHar_3,FALSE,FALSE,FALSE,TRUE,FALSE
Flow_pFlwStG_4,FALSE,FALSE,FALSE,TRUE,FALSE
Eos_pEmeEnJ,FALSE,FALSE,FALSE,TRUE,FALSE
Flow_pFlaFlw_5,FALSE,FALSE,FALSE,TRUE,FALSE
Flow_pGerEme_7,FALSE,FALSE,FALSE,TRUE,FALSE
Flow_pFloFla_6,FALSE,FALSE,FALSE,TRUE,FALSE
Flux_pGerEme_8,FALSE,FALSE,FALSE,TRUE,FALSE
Flux_pMatHar_1,FALSE,FALSE,FALSE,TRUE,FALSE
Flux_pFlwStG_5,FALSE,FALSE,FALSE,TRUE,FALSE
SDR_pGerEme_6,FALSE,FALSE,FALSE,TRUE,FALSE
SDR_pEnGMat_5,FALSE,FALSE,FALSE,TRUE,FALSE
Flow_pFlaFlw_3,FALSE,FALSE,FALSE,TRUE,FALSE
yield_pFlwStG,FALSE,FALSE,FALSE,TRUE,FALSE
Flux_pStGEnG_3,FALSE,FALSE,FALSE,TRUE,FALSE
Es_pFloFla,FALSE,FALSE,FALSE,TRUE,FALSE
FlowNO3_pFlaFlw_3,FALSE,FALSE,FALSE,TRUE,FALSE
Flux_pFlaFlw_2,FALSE,FALSE,FALSE,TRUE,FALSE
Flow_pFlaFlw_2,FALSE,FALSE,FALSE,TRUE,FALSE
Flow_pStGEnG_8,FALSE,FALSE,FALSE,TRUE,FALSE
Flow_pEmeEnJ_2,FALSE,FALSE,FALSE,TRUE,FALSE
Flux_pFlwStG_9,FALSE,FALSE,FALSE,TRUE,FALSE
Flow_pMatHar_9,FALSE,FALSE,FALSE,TRUE,FALSE
Flux_pFloFla_5,FALSE,FALSE,FALSE,TRUE,FALSE
FlowNO3_pEmeEnJ_4,FALSE,FALSE,FALSE,TRUE,FALSE
Flow_pEmeEnJ_6,FALSE,FALSE,FALSE,TRUE,FALSE
Flow_pEnJFlo_2,FALSE,FALSE,FALSE,TRUE,FALSE
FlowNO3_pFlaFlw_2,FALSE,FALSE,FALSE,TRUE,FALSE
Flow_pFloFla_1,FALSE,FALSE,FALSE,TRUE,FALSE
SDR_pMatHar_10,FALSE,FALSE,FALSE,TRUE,FALSE
FlowNO3_pGerEme_2,FALSE,FALSE,FALSE,TRUE,FALSE
FlowNO3_pFlwStG_1,FALSE,FALSE,FALSE,TRUE,FALSE
Flow_pEmeEnJ_3,FALSE,FALSE,FALSE,TRUE,FALSE
SDR_pEmeEnJ_5,FALSE,FALSE,FALSE,TRUE,FALSE
SDR_pStGEnG_10,FALSE,FALSE,FALSE,TRUE,FALSE
Flux_pGerEme_6,FALSE,FALSE,FALSE,TRUE,FALSE
Flow_pGerEme_3,FALSE,FALSE,FALSE,TRUE,FALSE
ESW_pEmeEnJ_6,FALSE,FALSE,FALSE,TRUE,FALSE
Flux_pStGEnG_1,FALSE,FALSE,FALSE,TRUE,FALSE
Flow_pEnJFlo_8,FALSE,FALSE,FALSE,TRUE,FALSE
Flow_pFloFla_5,FALSE,FALSE,FALSE,TRUE,FALSE
SDR_pEnJFlo_3,FALSE,FALSE,FALSE,TRUE,FALSE
Flow_pFloFla_2,FALSE,FALSE,FALSE,TRUE,FALSE
Flow_pEnGMat_5,FALSE,FALSE,FALSE,TRUE,FALSE
SDR_pFlaFlw_7,FALSE,FALSE,FALSE,TRUE,FALSE
Infiltration_pEnJFlo,FALSE,FALSE,FALSE,TRUE,FALSE
FlowNO3_pGerEme_7,FALSE,FALSE,FALSE,TRUE,FALSE
biomass_pEmeEnJ,FALSE,FALSE,FALSE,TRUE,FALSE
PotInf_pMatHar,FALSE,FALSE,FALSE,TRUE,FALSE
FlowNO3_pFlwStG_3,FALSE,FALSE,FALSE,TRUE,FALSE
WaterTable_pFlwStG,FALSE,FALSE,FALSE,TRUE,FALSE
Flow_pEnJFlo_6,FALSE,FALSE,FALSE,TRUE,FALSE
Flux_pFloFla_8,FALSE,FALSE,FALSE,TRUE,FALSE
FlowNO3_pStGEnG_3,FALSE,FALSE,FALSE,TRUE,FALSE
FlowNO3_pEnGMat_5,FALSE,FALSE,FALSE,TRUE,FALSE
Flow_pFlwStG_9,FALSE,FALSE,FALSE,TRUE,FALSE
Flow_pFloFla_8,FALSE,FALSE,FALSE,TRUE,FALSE
Eo_pGerEme,FALSE,FALSE,FALSE,TRUE,FALSE
Es_pEmeEnJ,FALSE,FALSE,FALSE,TRUE,FALSE
FlowNO3_pStGEnG_5,FALSE,FALSE,FALSE,TRUE,FALSE
Flux_pFlaFlw_10,FALSE,FALSE,FALSE,TRUE,FALSE
Flux_pEnJFlo_6,FALSE,FALSE,FALSE,TRUE,FALSE
Flux_pGerEme_1,FALSE,FALSE,FALSE,TRUE,FALSE
Flow_pGerEme_6,FALSE,FALSE,FALSE,TRUE,FALSE
Runoff_pFlaFlw,FALSE,FALSE,FALSE,TRUE,FALSE
Infiltration_pFlaFlw,FALSE,FALSE,FALSE,TRUE,FALSE
FlowNO3_pFlaFlw_10,FALSE,FALSE,FALSE,TRUE,FALSE
Flux_pMatHar_2,FALSE,FALSE,FALSE,TRUE,FALSE
SDR_pFlwStG_8,FALSE,FALSE,FALSE,TRUE,FALSE
Runoff_pFlwStG,FALSE,FALSE,FALSE,TRUE,FALSE
Runoff_pEnJFlo,FALSE,FALSE,FALSE,TRUE,FALSE
Flow_pEmeEnJ_4,FALSE,FALSE,FALSE,TRUE,FALSE
FlowNO3_pFloFla_3,FALSE,FALSE,FALSE,TRUE,FALSE
Flow_pFloFla_9,FALSE,FALSE,FALSE,TRUE,FALSE
SWmm_pMatHar_3,FALSE,FALSE,FALSE,TRUE,FALSE
Runoff_pGerEme,FALSE,FALSE,FALSE,TRUE,FALSE
Flux_pFlaFlw_1,FALSE,FALSE,FALSE,TRUE,FALSE
FlowNO3_pFlwStG_10,FALSE,FALSE,FALSE,TRUE,FALSE
ESW_pGerEme_5,FALSE,FALSE,FALSE,TRUE,FALSE
CoverGreen_pGerEme,FALSE,FALSE,FALSE,TRUE,FALSE
FlowNO3_pStGEnG_1,FALSE,FALSE,FALSE,TRUE,FALSE
TT_pEnJFlo,FALSE,FALSE,FALSE,TRUE,FALSE
Flow_pMatHar_4,FALSE,FALSE,FALSE,TRUE,FALSE
Flux_pEnGMat_3,FALSE,FALSE,FALSE,TRUE,FALSE
PAWmm_pEnJFlo_1,FALSE,FALSE,FALSE,TRUE,FALSE
Flow_pStGEnG_4,FALSE,FALSE,FALSE,TRUE,FALSE
Runoff_pEnGMat,FALSE,FALSE,FALSE,TRUE,FALSE
Runoff_pFloFla,FALSE,FALSE,FALSE,TRUE,FALSE
Flow_pFlwStG_2,FALSE,FALSE,FALSE,TRUE,FALSE
SDR_pEnGMat_7,FALSE,FALSE,FALSE,TRUE,FALSE
Flow_pGerEme_2,FALSE,FALSE,FALSE,TRUE,FALSE
PotInf_pFlwStG,FALSE,FALSE,FALSE,TRUE,FALSE
Infiltration_pEnGMat,FALSE,FALSE,FALSE,TRUE,FALSE
Flux_pFlwStG_10,FALSE,FALSE,FALSE,TRUE,FALSE
PAWmm_pFloFla_6,FALSE,FALSE,FALSE,TRUE,FALSE
yield_pGerEme,FALSE,FALSE,FALSE,TRUE,FALSE
yield_pEmeEnJ,FALSE,FALSE,FALSE,TRUE,FALSE
yield_pEnJFlo,FALSE,FALSE,FALSE,TRUE,FALSE
yield_pFloFla,FALSE,FALSE,FALSE,TRUE,FALSE
E Depth,FALSE,FALSE,FALSE,FALSE,TRUE
1:1 Soil pH,FALSE,FALSE,FALSE,FALSE,TRUE
WDRF Buffer pH,FALSE,FALSE,FALSE,FALSE,TRUE
1:1 S Salts mmho/cm,FALSE,FALSE,FALSE,FALSE,TRUE
Texture No,FALSE,FALSE,FALSE,FALSE,TRUE
Organic Matter LOI %,FALSE,FALSE,FALSE,FALSE,TRUE
Nitrate-N ppm N,FALSE,FALSE,FALSE,FALSE,TRUE
lbs N/A,FALSE,FALSE,FALSE,FALSE,TRUE
Potassium ppm K,FALSE,FALSE,FALSE,FALSE,TRUE
Sulfate-S ppm S,FALSE,FALSE,FALSE,FALSE,TRUE
Calcium ppm Ca,FALSE,FALSE,FALSE,FALSE,TRUE
Magnesium ppm Mg,FALSE,FALSE,FALSE,FALSE,TRUE
Sodium ppm Na,FALSE,FALSE,FALSE,FALSE,TRUE
CEC/Sum of Cations me/100g,FALSE,FALSE,FALSE,FALSE,TRUE
%H Sat,FALSE,FALSE,FALSE,FALSE,TRUE
%K Sat,FALSE,FALSE,FALSE,FALSE,TRUE
%Ca Sat,FALSE,FALSE,FALSE,FALSE,TRUE
%Mg Sat,FALSE,FALSE,FALSE,FALSE,TRUE
%Na Sat,FALSE,FALSE,FALSE,FALSE,TRUE
Mehlich P-III ppm P,FALSE,FALSE,FALSE,FALSE,TRUE
% Sand,FALSE,FALSE,FALSE,FALSE,TRUE
% Silt,FALSE,FALSE,FALSE,FALSE,TRUE
% Clay,FALSE,FALSE,FALSE,FALSE,TRUE
